{
    "Kmeans": {
        "metrics": {
            "silhouette_score": 0.22568904848429625,
            "composite_score": 0.22568904848429625
        },
        "params": {
            "n_clusters": 23
        }
    }
}