{
    "Kmeans": {
        "metrics": {
            "silhouette_score": 0.24115949121643634,
            "composite_score": 0.24115949121634866
        },
        "params": {
            "n_clusters": 5
        }
    },
    "Mini Batch KMeans": {
        "metrics": {
            "silhouette_score": 0.1998299661491701,
            "composite_score": 0.1998299661490081
        },
        "params": {
            "n_clusters": 6
        }
    },
    "DBSCAN": {
        "metrics": {
            "silhouette_score": 0.15321051799906898,
            "composite_score": 0.14321852769478188,
            "n_clusters": 11,
            "noise_fraction": 0.7739130434782608
        },
        "params": {
            "eps": 0.25511171747093797,
            "min_samples": 10
        }
    },
    "Agglomerative Clustering": {
        "metrics": {
            "silhouette_score": 0.23581451803655057,
            "composite_score": 0.23581451803655057
        },
        "params": {
            "n_clusters": 5
        }
    }
}